<?xml version='1.0' encoding='ISO-8859-1' ?>
<!-- $Revision: 1.3 $ $Date: 2001/04/27 20:54:57 $ -->

<toc version="1.0">

<tocitem target="physio_product_page.html" image="$toolbox/matlab/icons/book_sim.gif">Physiology Blockset

<tocitem target="physio_product_page.html#blood_gases" image="$toolbox/matlab/icons/reficon.gif">Blood Gases</tocitem>
<tocitem target="golem/golem.html" image="$toolbox/matlab/icons/reficon.gif">GOLEM</tocitem>
<tocitem target="kidney/kidney.html" image="$toolbox/matlab/icons/reficon.gif">Kidney</tocitem>
<tocitem target="http://patf-biokyb.lf1.cuni.cz/" image="$toolbox/matlab/icons/webicon.gif">Product Page (Web)</tocitem>
  </tocitem>
      </toc>
